{
  "solc_bench_version": "0.1.0",
  "solc_version": "0.8.36-ci.2026.5.12+commit.751867c7.Linux.g++",
  "timestamp": "2026-05-13T12:23:57+00:00",
  "iterations": 3,
  "hardware": {
    "cpu_model": "AMD Ryzen 5 3600 6-Core Processor",
    "cpu_vendor": "AuthenticAMD",
    "cpu_max_mhz": 4208.203,
    "cpu_threads_configured": 6,
    "cpu_threads_online": 6,
    "kernel": "6.12.76",
    "hostname": "bench-01"
  },
  "environment": {
    "governor": "performance",
    "boost_enabled": false,
    "mitigations_off": false,
    "kaslr_off": false,
    "aslr": "0",
    "thp": "never",
    "smt_active": false
  },
  "results": {
    "openzeppelin-5.6.1": {
      "evmasm": {
        "cpu_time": {
          "values": [
            21.281344,
            21.297111,
            21.241947
          ],
          "median": 21.281344,
          "mean": 21.273467333333333,
          "stddev": 0.028412992315723674
        },
        "creation_size": {
          "values": [
            725287,
            725287,
            725287
          ],
          "median": 725287,
          "mean": 725287,
          "stddev": 0.0
        },
        "cycles": {
          "values": [
            74039572133,
            74111377947,
            73933425332
          ],
          "median": 74039572133,
          "mean": 74028125137.33333,
          "stddev": 89526859.53767769
        },
        "instructions": {
          "values": [
            153321887306,
            153321886677,
            153321886364
          ],
          "median": 153321886677,
          "mean": 153321886782.33334,
          "stddev": 479.7523666781992
        },
        "peak_rss": {
          "values": [
            1078.4921875,
            1078.640625,
            1078.44921875
          ],
          "median": 1078.4921875,
          "mean": 1078.52734375,
          "stddev": 0.10042937603267532
        },
        "runtime_size": {
          "values": [
            650752,
            650752,
            650752
          ],
          "median": 650752,
          "mean": 650752,
          "stddev": 0.0
        },
        "wall_time": {
          "values": [
            21.434023474997957,
            21.438165223000397,
            21.384078893999686
          ],
          "median": 21.434023474997957,
          "mean": 21.418755863999348,
          "stddev": 0.030102453478030054
        },
        "errors": 0
      },
      "ir": {
        "cpu_time": {
          "values": [
            58.312921,
            58.343094,
            58.359321
          ],
          "median": 58.343094,
          "mean": 58.33844533333333,
          "stddev": 0.02354671052043768
        },
        "creation_size": {
          "values": [
            675405,
            675405,
            675405
          ],
          "median": 675405,
          "mean": 675405,
          "stddev": 0.0
        },
        "cycles": {
          "values": [
            206411337602,
            206496503313,
            206572595214
          ],
          "median": 206496503313,
          "mean": 206493478709.66666,
          "stddev": 80671342.65635253
        },
        "instructions": {
          "values": [
            345173876433,
            345173875984,
            345173875429
          ],
          "median": 345173875984,
          "mean": 345173875948.6667,
          "stddev": 502.9317382442008
        },
        "peak_rss": {
          "values": [
            1469.12890625,
            1469.24609375,
            1469.3515625
          ],
          "median": 1469.24609375,
          "mean": 1469.2421875,
          "stddev": 0.11137951116705666
        },
        "runtime_size": {
          "values": [
            598355,
            598355,
            598355
          ],
          "median": 598355,
          "mean": 598355,
          "stddev": 0.0
        },
        "wall_time": {
          "values": [
            58.63023728600092,
            58.655255190999014,
            58.67554559800192
          ],
          "median": 58.655255190999014,
          "mean": 58.65367935833395,
          "stddev": 0.022695224619645255
        },
        "errors": 0
      }
    },
    "solady-0.1.26": {
      "evmasm": {
        "cpu_time": {
          "values": [
            31.027545999999997,
            31.023069999999997,
            31.022954000000002
          ],
          "median": 31.023069999999997,
          "mean": 31.02452333333333,
          "stddev": 0.002618348588963364
        },
        "creation_size": {
          "values": [
            1514791,
            1514791,
            1514791
          ],
          "median": 1514791,
          "mean": 1514791,
          "stddev": 0.0
        },
        "cycles": {
          "values": [
            107565480162,
            107556061043,
            107557926246
          ],
          "median": 107557926246,
          "mean": 107559822483.66667,
          "stddev": 4987658.634109228
        },
        "instructions": {
          "values": [
            238173264676,
            238173264690,
            238173264835
          ],
          "median": 238173264690,
          "mean": 238173264733.66666,
          "stddev": 88.03597749405259
        },
        "peak_rss": {
          "values": [
            1827.40234375,
            1827.328125,
            1827.26171875
          ],
          "median": 1827.328125,
          "mean": 1827.3307291666667,
          "stddev": 0.07034865968354219
        },
        "runtime_size": {
          "values": [
            1480154,
            1480154,
            1480154
          ],
          "median": 1480154,
          "mean": 1480154,
          "stddev": 0.0
        },
        "wall_time": {
          "values": [
            31.231538995998562,
            31.24536923699634,
            31.24177467499976
          ],
          "median": 31.24177467499976,
          "mean": 31.239560969331553,
          "stddev": 0.007175950188179546
        },
        "errors": 0
      },
      "ir": {
        "cpu_time": {
          "values": [
            153.339508,
            153.400332,
            153.29848600000003
          ],
          "median": 153.339508,
          "mean": 153.34610866666668,
          "stddev": 0.05124283881023483
        },
        "creation_size": {
          "values": [
            1681895,
            1681895,
            1681895
          ],
          "median": 1681895,
          "mean": 1681895,
          "stddev": 0.0
        },
        "cycles": {
          "values": [
            544934648681,
            545148836120,
            544699649171
          ],
          "median": 544934648681,
          "mean": 544927711324,
          "stddev": 224673816.8536584
        },
        "instructions": {
          "values": [
            863857123958,
            863857124242,
            863857123272
          ],
          "median": 863857123958,
          "mean": 863857123824,
          "stddev": 498.69028464569067
        },
        "peak_rss": {
          "values": [
            2950.015625,
            2949.98046875,
            2949.9765625
          ],
          "median": 2949.98046875,
          "mean": 2949.9908854166665,
          "stddev": 0.021513947450336336
        },
        "runtime_size": {
          "values": [
            1650497,
            1650497,
            1650497
          ],
          "median": 1650497,
          "mean": 1650497,
          "stddev": 0.0
        },
        "wall_time": {
          "values": [
            154.13001814399468,
            154.19375366900204,
            154.0777079479958
          ],
          "median": 154.13001814399468,
          "mean": 154.13382658699751,
          "stddev": 0.05811652535676338
        },
        "errors": 0
      }
    },
    "prb-math-4.1.1": {
      "evmasm": {
        "cpu_time": {
          "values": [
            7.487398,
            7.463483999999999,
            7.499237
          ],
          "median": 7.487398,