{
  "solc_bench_version": "0.1.0",
  "solc_version": "0.8.36-ci.2026.5.7+commit.642367de.Linux.g++",
  "timestamp": "2026-05-13T12:41:49+00:00",
  "iterations": 3,
  "hardware": {
    "cpu_model": "AMD Ryzen 5 3600 6-Core Processor",
    "cpu_vendor": "AuthenticAMD",
    "cpu_max_mhz": 4208.203,
    "cpu_threads_configured": 6,
    "cpu_threads_online": 6,
    "kernel": "6.12.76",
    "hostname": "bench-01"
  },
  "environment": {
    "governor": "performance",
    "boost_enabled": false,
    "mitigations_off": false,
    "kaslr_off": false,
    "aslr": "0",
    "thp": "never",
    "smt_active": false
  },
  "results": {
    "openzeppelin-5.6.1": {
      "evmasm": {
        "cpu_time": {
          "values": [
            21.29868,
            21.281056,
            21.326297
          ],
          "median": 21.29868,
          "mean": 21.302011,
          "stddev": 0.022803699063967967
        },
        "creation_size": {
          "values": [
            725287,
            725287,
            725287
          ],
          "median": 725287,
          "mean": 725287,
          "stddev": 0.0
        },
        "cycles": {
          "values": [
            74126119975,
            74105806961,
            74223777800
          ],
          "median": 74126119975,
          "mean": 74151901578.66667,
          "stddev": 63069786.97688609
        },
        "instructions": {
          "values": [
            153309870008,
            153309870054,
            153309869796
          ],
          "median": 153309870008,
          "mean": 153309869952.66666,
          "stddev": 137.6129838835469
        },
        "peak_rss": {
          "values": [
            1078.45703125,
            1078.51953125,
            1078.5546875
          ],
          "median": 1078.51953125,
          "mean": 1078.5104166666667,
          "stddev": 0.04946203102401713
        },
        "runtime_size": {
          "values": [
            650752,
            650752,
            650752
          ],
          "median": 650752,
          "mean": 650752,
          "stddev": 0.0
        },
        "wall_time": {
          "values": [
            21.439012873997854,
            21.42061494099471,
            21.469573256996227
          ],
          "median": 21.439012873997854,
          "mean": 21.443067023996264,
          "stddev": 0.024729663879303157
        },
        "errors": 0
      },
      "ir": {
        "cpu_time": {
          "values": [
            58.479352,
            58.441058999999996,
            58.474183999999994
          ],
          "median": 58.474183999999994,
          "mean": 58.464864999999996,
          "stddev": 0.02077790372005867
        },
        "creation_size": {
          "values": [
            675405,
            675405,
            675405
          ],
          "median": 675405,
          "mean": 675405,
          "stddev": 0.0
        },
        "cycles": {
          "values": [
            207004948106,
            206813048667,
            206988638216
          ],
          "median": 206988638216,
          "mean": 206935544996.33334,
          "stddev": 106397914.23265012
        },
        "instructions": {
          "values": [
            345162328525,
            345162328219,
            345162328509
          ],
          "median": 345162328509,
          "mean": 345162328417.6667,
          "stddev": 172.2362718283618
        },
        "peak_rss": {
          "values": [
            1469.15625,
            1469.2109375,
            1469.390625
          ],
          "median": 1469.2109375,
          "mean": 1469.2526041666667,
          "stddev": 0.12261726423951617
        },
        "runtime_size": {
          "values": [
            598355,
            598355,
            598355
          ],
          "median": 598355,
          "mean": 598355,
          "stddev": 0.0
        },
        "wall_time": {
          "values": [
            58.79354620900267,
            58.75512285299919,
            58.79199502499978
          ],
          "median": 58.79199502499978,
          "mean": 58.78022136233388,
          "stddev": 0.021749779793603704
        },
        "errors": 0
      }
    },
    "solady-0.1.26": {
      "evmasm": {
        "cpu_time": {
          "values": [
            31.131432999999998,
            31.050975,
            31.087777
          ],
          "median": 31.087777,
          "mean": 31.090061666666667,
          "stddev": 0.0402776267589489
        },
        "creation_size": {
          "values": [
            1514791,
            1514791,
            1514791
          ],
          "median": 1514791,
          "mean": 1514791,
          "stddev": 0.0
        },
        "cycles": {
          "values": [
            107916534195,
            107654236313,
            107789636629
          ],
          "median": 107789636629,
          "mean": 107786802379,
          "stddev": 131171908.02614085
        },
        "instructions": {
          "values": [
            238164757961,
            238164757708,
            238164758053
          ],
          "median": 238164757961,
          "mean": 238164757907.33334,
          "stddev": 178.65142969854267
        },
        "peak_rss": {
          "values": [
            1827.26171875,
            1827.38671875,
            1827.26171875
          ],
          "median": 1827.26171875,
          "mean": 1827.3033854166667,
          "stddev": 0.07216878364870322
        },
        "runtime_size": {
          "values": [
            1480154,
            1480154,
            1480154
          ],
          "median": 1480154,
          "mean": 1480154,
          "stddev": 0.0
        },
        "wall_time": {
          "values": [
            31.339337126999453,
            31.272469639996416,
            31.310344146004354
          ],
          "median": 31.310344146004354,
          "mean": 31.307383637666742,
          "stddev": 0.03353190513135432
        },
        "errors": 0
      },
      "ir": {
        "cpu_time": {
          "values": [
            153.538027,
            153.557692,
            153.625726
          ],
          "median": 153.557692,
          "mean": 153.573815,
          "stddev": 0.0460189308545868
        },
        "creation_size": {
          "values": [
            1681895,
            1681895,
            1681895
          ],
          "median": 1681895,
          "mean": 1681895,
          "stddev": 0.0
        },
        "cycles": {
          "values": [
            545607338848,
            545738502015,
            545891797425
          ],
          "median": 545738502015,
          "mean": 545745879429.3333,
          "stddev": 142372715.7460322
        },
        "instructions": {
          "values": [
            863853682072,
            863853681448,
            863853680711
          ],
          "median": 863853681448,
          "mean": 863853681410.3334,
          "stddev": 681.2813907140965
        },
        "peak_rss": {
          "values": [
            2949.92578125,
            2949.96875,
            2949.92578125
          ],
          "median": 2949.92578125,
          "mean": 2949.9401041666665,
          "stddev": 0.024808019379241732
        },
        "runtime_size": {
          "values": [
            1650497,
            1650497,
            1650497
          ],
          "median": 1650497,
          "mean": 1650497,
          "stddev": 0.0
        },
        "wall_time": {
          "values": [
            154.32742290799797,
            154.3539978990084,
            154.4196891340107
          ],
          "median": 154.3539978990084,
          "mean": 154.36703664700568,
          "stddev": 0.04749495581280764
        },
        "errors": 0
      }
    },
    "prb-math-4.1.1": {
      "evmasm": {
        "cpu_time": {
          "values": [
            7.504146,
            7.488561000000001,
            7.480125
          ],
          "median": 7.488561000000001,